,product_id,filter3_result
0,10121,28
1,10129,13
2,10130,2
3,10190,4
4,10221,19
5,10229,5
6,10290,3
7,10310,9
8,10410,9
9,10420,5
10,10512,1
11,10599,1
12,10611,1
13,10612,1
14,10613,1
15,10614,5
16,10619,28
17,10620,14
18,10631,2
19,10632,14
20,10639,14
21,10641,8
22,10649,12
23,10690,21
24,20110,1
25,20120,15
26,20130,27
27,20210,7
28,20220,19
29,20230,33
30,20311,1
31,20312,15
32,20319,27
33,20321,14
34,20322,11
35,20329,31
36,20410,10
37,20422,19
38,20430,1
39,20442,11
40,20450,12
41,20500,8
42,20610,7
43,20621,19
44,20622,6
45,20629,19
46,20630,6
47,20641,12
48,20649,22
49,20680,1
50,20690,17
51,20712,34
52,20714,46
53,20726,1
54,20727,31
55,20732,1
56,20734,1
57,20741,1
58,20742,1
59,20743,1
60,20745,1
61,20810,1
62,20850,1
63,20890,1
64,20910,31
65,21011,13
66,21012,17
67,21019,40
68,21020,18
69,21091,1
70,21092,1
71,21099,22
72,30111,32
73,30119,24
74,30191,1
75,30192,3
76,30194,1
77,30199,14
78,30211,7
79,30212,1
80,30214,1
81,30219,12
82,30221,5
83,30222,1
84,30223,9
85,30224,1
86,30229,6
87,30231,1
88,30232,8
89,30233,1
90,30234,2
91,30235,3
92,30236,1
93,30239,8
94,30241,1
95,30242,7
96,30243,7
97,30244,17
98,30245,5
99,30246,1
100,30247,4
101,30251,12
102,30253,2
103,30254,7
104,30256,1
105,30259,8
106,30269,1
107,30271,3
108,30279,4
109,30281,1
110,30282,4
111,30284,16
112,30285,17
113,30289,12
114,30311,1
115,30314,2
116,30319,20
117,30323,12
118,30326,1
119,30329,13
120,30331,1
121,30333,9
122,30339,11
123,30341,1
124,30342,12
125,30343,14
126,30344,1
127,30345,5
128,30349,13
129,30353,15
130,30354,24
131,30355,10
132,30356,1
133,30357,1
134,30363,1
135,30364,1
136,30366,21
137,30368,1
138,30369,4
139,30379,1
140,30381,1
141,30382,3
142,30383,3
143,30389,39
144,30390,2
145,30410,1
146,30420,1
147,30429,1
148,30431,9
149,30432,9
150,30433,1
151,30439,6
152,30441,7
153,30442,1
154,30443,10
155,30444,16
156,30445,1
157,30449,24
158,30451,1
159,30452,1
160,30453,2
161,30454,1
162,30459,8
163,30461,6
164,30469,11
165,30471,25
166,30473,1
167,30474,8
168,30475,1
169,30479,1
170,30481,24
171,30483,8
172,30484,11
173,30485,1
174,30486,1
175,30487,18
176,30489,33
177,30490,1
178,30491,4
179,30492,1
180,30493,1
181,30495,1
182,30499,22
183,30510,13
184,30520,1
185,30531,3
186,30532,1
187,30539,16
188,30541,25
189,30542,1
190,30549,24
191,30551,8
192,30559,26
193,30562,1
194,30563,1
195,30569,9
196,30571,2
197,30572,6
198,30579,8
199,30611,18
200,30613,1
201,30614,19
202,30615,2
203,30616,13
204,30617,53
205,30619,20
206,30621,2
207,30622,1
208,30624,6
209,30625,1
210,30626,1
211,30627,4
212,30629,2
213,30711,10
214,30719,11
215,30721,8
216,30729,19
217,30731,10
218,30739,29
219,30741,1
220,30749,25
221,30751,8
222,30759,17
223,30760,15
224,30771,11
225,30779,10
226,30781,3
227,30789,1
228,30791,3
229,30799,22
230,30811,5
231,30819,10
232,30821,10
233,30830,3
234,30890,16
235,40110,26
236,40120,32
237,40130,1
238,40140,18
239,40150,14
240,40210,78
241,40221,60
242,40229,24
243,40291,22
244,40299,44
245,40310,43
246,40390,40
247,40410,55
248,40490,24
249,40510,23
250,40590,22
251,40610,54
252,40620,35
253,40630,66
254,40690,73
255,40711,15
256,40719,9
257,40721,9
258,40811,11
259,40891,26
260,40899,1
261,40900,45
262,41000,12
263,50100,6
264,50290,1
265,50400,30
266,50510,16
267,50590,1
268,50610,1
269,50690,15
270,50790,6
271,50800,42
272,51000,9
273,51110,41
274,51191,32
275,51199,33
276,60110,4
277,60120,8
278,60210,27
279,60220,23
280,60230,23
281,60240,21
282,60290,55
283,60311,21
284,60312,17
285,60313,14
286,60314,7
287,60315,12
288,60319,26
289,60390,25
290,60420,31
291,60490,35
292,70110,28
293,70190,37
294,70200,31
295,70310,44
296,70320,14
297,70390,29
298,70410,31
299,70420,10
300,70490,23
301,70511,30
302,70519,25
303,70521,7
304,70529,15
305,70610,28
306,70690,28
307,70700,18
308,70810,21
309,70820,28
310,70890,14
311,70910,1
312,70920,25
313,70930,22
314,70940,22
315,70951,19
316,70959,28
317,70960,29
318,70970,14
319,70990,1
320,70991,22
321,70992,6
322,70993,20
323,70999,30
324,71010,26
325,71021,44
326,71022,27
327,71029,27
328,71030,20
329,71040,38
330,71080,37
331,71090,19
332,71140,10
333,71159,13
334,71190,29
335,71220,48
336,71239,18
337,71290,55
338,71310,40
339,71320,27
340,71331,37
341,71332,7
342,71333,46
343,71339,23
344,71340,45
345,71350,15
346,71360,10
347,71390,40
348,71410,12
349,71420,35
350,71430,1
351,71440,8
352,71450,1
353,71490,18
354,80111,45
355,80112,5
356,80119,23
357,80121,3
358,80122,1
359,80131,1
360,80132,18
361,80211,5
362,80212,25
363,80222,1
364,80231,9
365,80232,22
366,80241,1
367,80242,1
368,80251,18
369,80252,1
370,80261,6
371,80262,9
372,80290,26
373,80310,21
374,80390,22
375,80410,29
376,80420,26
377,80430,18
378,80440,48
379,80450,40
380,80510,28
381,80520,7
382,80540,26
383,80550,28
384,80590,17
385,80610,53
386,80620,52
387,80711,17
388,80719,37
389,80720,13
390,80810,48
391,80830,37
392,80840,7
393,80910,18
394,80929,10
395,80930,27
396,80940,31
397,81010,28
398,81020,20
399,81030,21
400,81040,36
401,81050,9
402,81060,1
403,81070,7
404,81090,36
405,81110,28
406,81120,52
407,81190,43
408,81210,1
409,81290,10
410,81310,17
411,81320,43
412,81330,29
413,81340,45
414,81350,50
415,81400,22
416,90111,58
417,90112,23
418,90121,71
419,90122,40
420,90190,33
421,90210,34
422,90220,21
423,90230,45
424,90240,58
425,90300,14
426,90411,56
427,90412,80
428,90420,1
429,90421,14
430,90422,31
431,90510,3
432,90520,10
433,90610,1
434,90611,19
435,90619,9
436,90620,18
437,90700,1
438,90710,17
439,90720,18
440,90810,3
441,90811,19
442,90812,36
443,90822,1
444,90831,10
445,90832,5
446,90910,1
447,90920,1
448,90921,47
449,90922,33
450,90930,1
451,90931,17
452,90932,32
453,90940,1
454,90950,1
455,90961,26
456,91010,2
457,91011,12
458,91012,34
459,91030,24
460,91040,1
461,91050,1
462,91091,52
463,91099,47
464,100111,2
465,100119,11
466,100191,7
467,100199,44
468,100290,1
469,100300,1
470,100390,23
471,100490,15
472,100510,30
473,100590,39
474,100620,39
475,100630,57
476,100640,28
477,100710,8
478,100790,8
479,100810,1
480,100830,7
481,100840,2
482,100850,32
483,100890,41
484,110100,7
485,110210,1
486,110220,35
487,110230,1
488,110290,34
489,110311,16
490,110313,30
491,110319,23
492,110320,2
493,110412,27
494,110419,35
495,110422,4
496,110423,2
497,110429,9
498,110430,3
499,110510,21
500,110520,28
501,110610,14
502,110620,8
503,110630,29
504,110710,48
505,110720,44
506,110811,12
507,110812,18
508,110813,28
509,110814,4
510,110819,23
511,110820,6
512,110900,21
513,120110,4
514,120190,23
515,120241,10
516,120242,29
517,120400,36
518,120510,1
519,120590,8
520,120600,30
521,120710,2
522,120729,2
523,120740,16
524,120760,5
525,120770,16
526,120799,32
527,120810,15
528,120890,23
529,120910,1
530,120921,24
531,120925,18
532,120929,32
533,120930,28
534,120991,41
535,120999,52
536,121010,1
537,121120,1
538,121130,2
539,121190,47
540,121220,1
541,121221,33
542,121229,21
543,121291,4
544,121292,1
545,121293,7
546,121294,3
547,121299,23
548,121300,12
549,121410,14
550,121490,16
551,130120,34
552,130190,35
553,130211,2
554,130212,7
555,130213,11
556,130219,24
557,130220,31
558,130231,24
559,130232,39
560,130239,34
561,140110,9
562,140120,15
563,140190,10
564,140420,7
565,140490,30
566,150110,14
567,150120,6
568,150210,10
569,150290,12
570,150300,1
571,150410,16
572,150420,21
573,150500,35
574,150600,7
575,150710,27
576,150790,17
577,150810,1
578,150890,11
579,150910,27
580,150990,26
581,151000,6
582,151110,13
583,151190,35
584,151211,25
585,151219,33
586,151229,6
587,151311,26
588,151319,39
589,151321,1
590,151329,8
591,151411,11
592,151419,15
593,151491,3
594,151499,13
595,151511,5
596,151519,30
597,151521,12
598,151529,27
599,151530,10
600,151550,39
601,151590,28
602,151610,17
603,151620,44
604,151710,39
605,151790,46
606,151800,12
607,152000,10
608,152110,10
609,152190,20
610,152200,2
611,160100,23
612,160210,22
613,160220,19
614,160231,32
615,160232,30
616,160239,27
617,160241,25
618,160242,4
619,160249,33
620,160250,24
621,160290,18
622,160300,18
623,160411,17
624,160413,38
625,160414,25
626,160415,1
627,160416,1
628,160419,24
629,160420,39
630,160430,1
631,160510,17
632,160520,2
633,160521,1
634,160529,19
635,160540,1
636,160553,17
637,160554,9
638,160555,18
639,160556,10
640,160557,8
641,160558,1
642,160559,19
643,160561,2
644,160569,18
645,160590,1
646,170111,1
647,170113,9
648,170114,23
649,170191,3
650,170199,48
651,170211,31
652,170219,16
653,170220,19
654,170230,47
655,170240,26
656,170260,26
657,170290,45
658,170310,15
659,170410,38
660,170490,54
661,180100,25
662,180200,8
663,180310,18
664,180320,13
665,180400,27
666,180500,50
667,180610,25
668,180620,48
669,180631,37
670,180632,48
671,180690,54
672,190110,25
673,190120,52
674,190190,71
675,190211,35
676,190219,30
677,190220,29
678,190230,40
679,190240,30
680,190300,21
681,190410,44
682,190420,38
683,190490,51
684,190510,25
685,190520,20
686,190531,50
687,190532,28
688,190540,29
689,190590,50
690,200110,30
691,200190,39
692,200210,14
693,200290,47
694,200310,13
695,200390,20
696,200410,36
697,200490,22
698,200510,25
699,200520,32
700,200540,36
701,200551,36
702,200559,27
703,200560,15
704,200570,30
705,200580,30
706,200590,1
707,200599,45
708,200600,50
709,200710,23
710,200791,32
711,200799,44
712,200811,39
713,200819,37
714,200820,48
715,200830,26
716,200840,19
717,200850,30
718,200860,25
719,200870,34
720,200880,17
721,200891,12
722,200892,1
723,200893,8
724,200897,37
725,200899,36
726,200911,21
727,200912,19
728,200919,37
729,200921,9
730,200929,11
731,200931,14
732,200939,30
733,200941,41
734,200949,43
735,200950,20
736,200961,8
737,200969,25
738,200971,15
739,200979,39
740,200980,2
741,200981,25
742,200989,43
743,200990,32
744,210111,39
745,210112,23
746,210120,34
747,210130,24
748,210210,59
749,210220,31
750,210230,31
751,210310,36
752,210320,54
753,210330,42
754,210390,51
755,210410,35
756,210420,18
757,210500,25
758,210610,30
759,210690,25
760,220110,36
761,220190,22
762,220210,45
763,220290,30
764,220300,44
765,220410,30
766,220421,49
767,220429,25
768,220430,6
769,220600,36
770,220710,22
771,220720,11
772,220820,12
773,220830,31
774,220840,41
775,220850,21
776,220860,51
777,220870,46
778,220890,29
779,220900,34
780,230110,23
781,230120,16
782,230210,9
783,230230,14
784,230240,13
785,230250,5
786,230310,18
787,230320,12
788,230330,8
789,230400,27
790,230649,8
791,230650,1
792,230660,1
793,230690,16
794,230700,2
795,230800,21
796,230910,31
797,230990,66
798,240110,29
799,240120,34
800,240130,21
801,240210,23
802,240220,33
803,240290,2
804,240310,1
805,240319,30
806,240391,17
807,240399,5
808,250100,41
809,250300,12
810,250410,10
811,250490,10
812,250510,22
813,250590,26
814,250610,19
815,250620,13
816,250700,40
817,250810,51
818,250830,6
819,250840,42
820,250850,12
821,250860,7
822,250870,1
823,250900,16
824,251020,5
825,251110,17
826,251120,1
827,251200,33
828,251310,14
829,251320,14
830,251400,1
831,251511,26
832,251512,32
833,251520,10
834,251612,18
835,251620,6
836,251690,20
837,251710,20
838,251720,1
839,251730,1
840,251741,17
841,251749,16
842,251810,16
843,251820,5
844,251910,9
845,251990,24
846,252010,22
847,252020,28
848,252100,8
849,252210,9
850,252220,21
851,252230,10
852,252310,24
853,252321,21
854,252329,32
855,252330,22
856,252390,13
857,252490,1
858,252510,2
859,252520,26
860,252610,7
861,252620,31
862,252800,4
863,252910,9
864,252921,7
865,252922,5
866,252930,4
867,253010,19
868,253090,11
869,260111,10
870,260200,9
871,260300,2
872,260400,5
873,260600,6
874,260700,5
875,260800,6
876,260900,4
877,261100,3
878,261210,1
879,261220,1
880,261310,6
881,261390,3
882,261400,19
883,261510,11
884,261590,6
885,261610,2
886,261690,5
887,261710,3
888,261790,1
889,261800,12
890,261900,8
891,262011,6
892,262019,10
893,262029,3
894,262030,2
895,262040,7
896,262091,1
897,262099,8
898,262110,1
899,262190,23
900,270111,15
901,270112,9
902,270119,5
903,270210,1
904,270220,2
905,270300,5
906,270400,9
907,270600,5
908,270710,4
909,270720,1
910,270730,15
911,270740,14
912,270750,40
913,270791,3
914,270799,8
915,270810,6
916,270900,19
917,271012,26
918,271019,35
919,271020,11
920,271091,1
921,271099,10
922,271111,1
923,271112,1
924,271113,18
925,271114,5
926,271119,16
927,271121,9
928,271129,32
929,271210,33
930,271220,34
931,271290,35
932,271311,8
933,271312,13
934,271320,24
935,271390,4
936,271490,14
937,271500,40
938,271600,11
939,280110,12
940,280120,15
941,280130,1
942,280200,13
943,280300,29
944,280410,11
945,280421,16
946,280429,53
947,280430,29
948,280440,15
949,280450,6
950,280461,15
951,280469,9
952,280480,4
953,280490,15
954,280512,6
955,280519,6
956,280530,6
957,280540,8
958,280610,28
959,280620,3
960,280700,9
961,280800,17
962,280910,3
963,280920,16
964,281000,16
965,281111,6
966,281119,24
967,281121,28
968,281122,46
969,281129,33
970,281210,2
971,281290,18
972,281310,5
973,281410,18
974,281420,21
975,281511,39
976,281512,27
977,281520,25
978,281610,17
979,281640,6
980,281700,29
981,281810,16
982,281820,15
983,281830,22
984,281910,26
985,281990,9
986,282010,15
987,282090,19
988,282110,41
989,282120,11
990,282200,1
991,282300,39
992,282410,13
993,282490,10
994,282510,15
995,282520,3
996,282550,14
997,282580,15
998,282590,18
999,282612,5
1000,282619,14
1001,282690,11
1002,282710,18
1003,282720,25
1004,282731,17
1005,282732,24
1006,282735,9
1007,282739,18
1008,282741,9
1009,282749,5
1010,282751,11
1011,282759,11
1012,282760,18
1013,282810,31
1014,282890,17
1015,282990,19
1016,283010,7
1017,283090,16
1018,283110,18
1019,283190,4
1020,283210,18
1021,283220,15
1022,283230,15
1023,283311,11
1024,283319,23
1025,283321,13
1026,283322,17
1027,283324,6
1028,283325,27
1029,283327,14
1030,283329,14
1031,283330,12
1032,283340,15
1033,283410,9
1034,283421,31
1035,283429,40
1036,283510,18
1037,283522,33
1038,283524,17
1039,283525,32
1040,283526,27
1041,283529,44
1042,283531,25
1043,283539,45
1044,283620,17
1045,283630,32
1046,283640,30
1047,283650,65
1048,283660,8
1049,283691,5
1050,283692,1
1051,283699,18
1052,283711,14
1053,283719,22
1054,283720,18
1055,283911,20
1056,283919,23
1057,283990,49
1058,284011,8
1059,284019,10
1060,284020,22
1061,284030,1
1062,284130,13
1063,284150,25
1064,284161,16
1065,284169,3
1066,284170,27
1067,284180,5
1068,284190,4
1069,284210,10
1070,284290,7
1071,284310,12
1072,284321,30
1073,284329,18
1074,284390,20
1075,284420,1
1076,284430,3
1077,284440,41
1078,284590,1
1079,284610,13
1080,284690,23
1081,284700,30
1082,284800,2
1083,284910,16
1084,284920,20
1085,284990,7
1086,285000,17
1087,285210,27
1088,285290,1
1089,285300,13
1090,290110,2
1091,290121,14
1092,290122,14
1093,290124,13
1094,290129,29
1095,290211,16
1096,290219,17
1097,290220,12
1098,290230,25
1099,290241,18
1100,290243,1
1101,290244,18
1102,290250,14
1103,290270,2
1104,290290,11
1105,290311,5
1106,290312,27
1107,290313,9
1108,290319,10
1109,290321,4
1110,290322,6
1111,290323,17
1112,290329,13
1113,290339,26
1114,290349,1
1115,290371,7
1116,290376,1
1117,290377,1
1118,290378,1
1119,290379,3
1120,290381,1
1121,290389,3
1122,290391,5
1123,290399,13
1124,290410,22
1125,290420,8
1126,290490,7
1127,290511,19
1128,290512,22
1129,290513,18
1130,290514,16
1131,290516,14
1132,290517,17
1133,290519,24
1134,290522,29
1135,290529,21
1136,290531,17
1137,290532,24
1138,290539,33
1139,290541,16
1140,290542,16
1141,290543,12
1142,290544,30
1143,290545,23
1144,290549,16
1145,290551,1
1146,290559,17
1147,290611,10
1148,290613,19
1149,290619,28
1150,290621,20
1151,290629,15
1152,290711,13
1153,290712,11
1154,290713,13
1155,290715,10
1156,290719,26
1157,290721,9
1158,290722,12
1159,290723,1
1160,290729,30
1161,290819,13
1162,290899,9
1163,290911,19
1164,290919,14
1165,290920,14
1166,290930,15
1167,290941,20
1168,290943,17
1169,290944,18
1170,290949,35
1171,290950,20
1172,290960,24
1173,291010,11
1174,291020,1
1175,291090,15
1176,291100,23
1177,291211,21
1178,291212,5
1179,291219,22
1180,291221,11
1181,291229,18
1182,291241,12
1183,291242,12
1184,291249,16
1185,291260,16
1186,291300,6
1187,291411,20
1188,291412,19
1189,291413,15
1190,291419,15
1191,291422,14
1192,291423,26
1193,291429,27
1194,291439,12
1195,291440,17
1196,291450,21
1197,291461,1
1198,291469,12
1199,291470,2
1200,291511,18
1201,291512,26
1202,291513,10
1203,291521,11
1204,291524,7
1205,291529,14
1206,291531,20
1207,291532,9
1208,291533,35
1209,291539,40
1210,291540,15
1211,291550,31
1212,291560,24
1213,291570,45
1214,291590,37
1215,291611,18
1216,291612,28
1217,291613,15
1218,291614,23
1219,291615,18
1220,291619,10
1221,291620,10
1222,291631,44
1223,291632,18
1224,291639,16
1225,291711,17
1226,291712,24
1227,291713,6
1228,291714,14
1229,291719,27
1230,291720,15
1231,291732,10
1232,291733,16
1233,291734,20
1234,291735,20
1235,291736,8
1236,291737,1
1237,291739,19
1238,291811,39
1239,291812,12
1240,291813,24
1241,291814,20
1242,291815,39
1243,291816,14
1244,291818,1
1245,291819,24
1246,291821,11
1247,291822,13
1248,291823,18
1249,291829,37
1250,291830,19
1251,291899,20
1252,291910,1
1253,291990,23
1254,292019,4
1255,292090,28
1256,292111,14
1257,292119,20
1258,292121,17
1259,292122,9
1260,292129,30
1261,292130,17
1262,292141,9
1263,292142,10
1264,292143,13
1265,292144,13
1266,292145,5
1267,292149,14
1268,292151,14
1269,292159,20
1270,292211,25
1271,292212,10
1272,292213,5
1273,292219,30
1274,292229,10
1275,292231,1
1276,292239,15
1277,292241,37
1278,292242,23
1279,292249,39
1280,292250,14
1281,292310,25
1282,292320,46
1283,292390,30
1284,292412,1
1285,292419,41
1286,292421,12
1287,292429,22
1288,292511,23
1289,292519,21
1290,292529,30
1291,292610,1
1292,292620,3
1293,292690,23
1294,292700,13
1295,292800,35
1296,292910,36
1297,292990,12
1298,293020,20
1299,293030,16
1300,293040,61
1301,293090,33
1302,293110,2
1303,293190,34
1304,293211,24
1305,293212,4
1306,293213,6
1307,293219,9
1308,293220,15
1309,293229,1
1310,293292,2
1311,293299,10
1312,293311,10
1313,293319,5
1314,293321,32
1315,293329,38
1316,293331,16
1317,293332,1
1318,293333,10
1319,293339,26
1320,293341,1
1321,293349,6
1322,293353,1
1323,293359,16
1324,293361,11
1325,293369,19
1326,293371,10
1327,293379,3
1328,293391,20
1329,293399,41
1330,293410,21
1331,293420,12
1332,293499,55
1333,293500,8
1334,293621,13
1335,293622,12
1336,293623,16
1337,293624,7
1338,293625,8
1339,293626,24
1340,293627,13
1341,293628,22
1342,293629,47
1343,293690,19
1344,293712,3
1345,293719,27
1346,293721,19
1347,293722,10
1348,293723,16
1349,293729,12
1350,293750,15
1351,293790,11
1352,293890,25
1353,293911,1
1354,293920,18
1355,293930,20
1356,293951,1
1357,293962,1
1358,293991,1
1359,293999,4
1360,294000,38
1361,294110,15
1362,294130,15
1363,294150,15
1364,294190,29
1365,294200,50
1366,300120,17
1367,300190,12
1368,300210,20
1369,300220,2
1370,300230,41
1371,300290,23
1372,300310,13
1373,300320,30
1374,300390,6
1375,300410,73
1376,300420,52
1377,300431,50
1378,300432,43
1379,300439,32
1380,300440,5
1381,300450,69
1382,300490,62
1383,300510,49
1384,300590,50
1385,300610,43
1386,300620,38
1387,300630,32
1388,300640,42
1389,300650,19
1390,300660,16
1391,300670,4
1392,300691,13
1393,300692,6
1394,310100,52
1395,310210,41
1396,310221,29
1397,310229,16
1398,310230,22
1399,310240,15
1400,310250,21
1401,310260,22
1402,310280,10
1403,310290,32
1404,310310,3
1405,310390,18
1406,310420,23
1407,310430,40
1408,310490,24
1409,310510,35
1410,310520,49
1411,310530,7
1412,310540,11
1413,310551,13
1414,310559,11
1415,310560,25
1416,310590,65
1417,320110,3
1418,320120,8
1419,320190,24
1420,320210,40
1421,320290,37
1422,320300,43
1423,320411,30
1424,320412,53
1425,320413,32
1426,320414,19
1427,320415,14
1428,320416,45
1429,320417,64
1430,320419,41
1431,320420,26
1432,320490,22
1433,320500,34
1434,320611,40
1435,320619,40
1436,320620,34
1437,320641,28
1438,320642,11
1439,320649,57
1440,320650,25
1441,320710,32
1442,320720,34
1443,320730,25
1444,320740,20
1445,320810,47
1446,320820,50
1447,320890,39
1448,320910,41
1449,320990,46
1450,321000,53
1451,321100,54
1452,321210,46
1453,321290,62
1454,321310,26
1455,321390,37
1456,321410,59
1457,321490,39
1458,321511,40
1459,321519,77
1460,321590,15
1461,330112,19
1462,330113,27
1463,330119,33
1464,330124,17
1465,330125,7
1466,330129,22
1467,330130,19
1468,330190,50
1469,330210,34
1470,330290,57
1471,330300,35
1472,330410,18
1473,330420,25
1474,330430,60
1475,330491,21
1476,330499,12
1477,330510,43
1478,330520,56
1479,330530,34
1480,330590,53
1481,330610,37
1482,330620,38
1483,330690,43
1484,330710,24
1485,330720,59
1486,330730,23
1487,330741,31
1488,330749,52
1489,330790,40
1490,340111,43
1491,340119,35
1492,340120,52
1493,340130,43
1494,340211,54
1495,340212,41
1496,340213,55
1497,340219,58
1498,340220,44
1499,340290,54
1500,340311,40
1501,340319,32
1502,340391,24
1503,340399,49
1504,340420,10
1505,340490,47
1506,340510,35
1507,340520,57
1508,340530,37
1509,340540,30
1510,340590,35
1511,340600,35
1512,340700,43
1513,350110,25
1514,350190,32
1515,350211,26
1516,350219,1
1517,350220,26
1518,350290,17
1519,350300,54
1520,350400,27
1521,350510,36
1522,350520,41
1523,350610,62
1524,350691,40
1525,350699,75
1526,350710,13
1527,350790,50
1528,360200,17
1529,360300,27
1530,360410,6
1531,360500,33
1532,360610,31
1533,360690,40
1534,370110,43
1535,370120,7
1536,370130,26
1537,370199,13
1538,370210,7
1539,370232,5
1540,370239,12
1541,370241,1
1542,370242,5
1543,370243,11
1544,370244,10
1545,370254,8
1546,370255,2
1547,370296,5
1548,370297,8
1549,370298,6
1550,370310,10
1551,370320,12
1552,370390,20
1553,370400,9
1554,370510,1
1555,370590,5
1556,370610,7
1557,370690,3
1558,370710,13
1559,370790,41
1560,380110,18
1561,380120,12
1562,380130,14
1563,380190,12
1564,380210,35
1565,380290,42
1566,380300,1
1567,380400,37
1568,380510,6
1569,380590,16
1570,380610,27
1571,380620,8
1572,380630,17
1573,380690,25
1574,380700,12
1575,380810,1
1576,380820,1
1577,380830,1
1578,380840,1
1579,380850,9
1580,380890,1
1581,380891,59
1582,380892,74
1583,380893,46
1584,380894,55
1585,380899,32
1586,380910,23
1587,380991,54
1588,380992,24
1589,380993,53
1590,381010,40
1591,381090,48
1592,381119,21
1593,381121,31
1594,381129,32
1595,381190,43
1596,381210,24
1597,381220,27
1598,381230,13
1599,381300,39
1600,381400,59
1601,381511,17
1602,381512,18
1603,381519,23
1604,381590,43
1605,381600,55
1606,381700,23
1607,381800,16
1608,381900,17
1609,382000,46
1610,382100,23
1611,382200,58
1612,382311,24
1613,382312,14
1614,382313,21
1615,382319,35
1616,382370,26
1617,382410,25
1618,382430,11
1619,382440,68
1620,382450,34
1621,382460,11
1622,382471,7
1623,382472,1
1624,382473,1
1625,382474,4
1626,382475,1
1627,382476,1
1628,382477,1
1629,382478,14
1630,382479,1
1631,382481,10
1632,382482,1
1633,382483,1
1634,382490,25
1635,382510,4
1636,382520,2
1637,382530,6
1638,382549,5
1639,382550,8
1640,382561,2
1641,382569,3
1642,382590,12
1643,390110,66
1644,390120,54
1645,390130,41
1646,390190,85
1647,390210,52
1648,390220,22
1649,390230,41
1650,390290,43
1651,390311,40
1652,390319,25
1653,390320,19
1654,390330,34
1655,390390,31
1656,390410,30
1657,390421,43
1658,390422,43
1659,390430,16
1660,390440,10
1661,390450,4
1662,390461,14
1663,390469,16
1664,390490,14
1665,390512,37
1666,390519,16
1667,390521,21
1668,390529,21
1669,390530,30
1670,390591,24
1671,390599,25
1672,390610,28
1673,390690,49
1674,390710,28
1675,390720,42
1676,390730,45
1677,390740,41
1678,390750,55
1679,390760,10
1680,390770,11
1681,390791,41
1682,390799,37
1683,390810,29
1684,390890,32
1685,390910,17
1686,390920,33
1687,390930,13
1688,390940,32
1689,390950,51
1690,391000,34
1691,391110,26
1692,391190,42
1693,391211,7
1694,391212,9
1695,391220,43
1696,391231,41
1697,391239,40
1698,391290,27
1699,391310,30
1700,391390,30
1701,391400,30
1702,391510,48
1703,391520,23
1704,391530,31
1705,391590,65
1706,391610,22
1707,391620,31
1708,391690,46
1709,391710,35
1710,391721,26
1711,391722,39
1712,391723,51
1713,391729,35
1714,391731,48
1715,391732,46
1716,391733,35
1717,391739,44
1718,391740,49
1719,391810,11
1720,391890,47
1721,391910,78
1722,391990,75
1723,392010,55
1724,392020,69
1725,392030,35
1726,392043,49
1727,392049,51
1728,392051,38
1729,392059,42
1730,392061,46
1731,392062,53
1732,392063,15
1733,392069,40
1734,392071,10
1735,392073,22
1736,392079,13
1737,392091,21
1738,392092,37
1739,392093,2
1740,392094,13
1741,392099,36
1742,392111,45
1743,392112,39
1744,392113,60
1745,392114,18
1746,392119,37
1747,392190,65
1748,392210,29
1749,392220,36
1750,392290,46
1751,392310,48
1752,392321,50
1753,392329,51
1754,392330,60
1755,392340,37
1756,392350,56
1757,392390,60
1758,392410,49
1759,392490,36
1760,392510,55
1761,392520,30
1762,392530,28
1763,392590,46
1764,392610,43
1765,392620,38
1766,392630,40
1767,392640,20
1768,392690,74
1769,400110,26
1770,400121,11
1771,400122,27
1772,400129,27
1773,400130,10
1774,400211,27
1775,400219,31
1776,400220,28
1777,400231,17
1778,400239,14
1779,400249,16
1780,400251,1
1781,400259,20
1782,400260,7
1783,400270,38
1784,400280,2
1785,400291,22
1786,400299,34
1787,400300,19
1788,400400,19
1789,400510,35
1790,400520,26
1791,400591,42
1792,400599,52
1793,400610,15
1794,400690,42
1795,400700,30
1796,400811,58
1797,400819,42
1798,400821,51
1799,400829,51
1800,400911,47
1801,400912,37
1802,400921,39
1803,400922,50
1804,400931,59
1805,400932,41
1806,400941,42
1807,400942,54
1808,401011,34
1809,401012,33
1810,401019,57
1811,401031,53
1812,401032,51
1813,401033,44
1814,401034,38
1815,401035,34
1816,401036,41
1817,401039,48
1818,401110,59
1819,401120,67
1820,401130,30
1821,401140,54
1822,401150,32
1823,401161,15
1824,401162,16
1825,401163,15
1826,401169,15
1827,401192,16
1828,401193,14
1829,401194,9
1830,401199,19
1831,401211,1
1832,401212,12
1833,401213,11
1834,401220,31
1835,401290,40
1836,401310,35
1837,401320,25
1838,401390,60
1839,401410,57
1840,401490,40
1841,401511,22
1842,401519,31
1843,401590,64
1844,401610,59
1845,401691,47
1846,401692,32
1847,401693,64
1848,401694,30
1849,401695,43
1850,401699,50
1851,401700,41
1852,410120,11
1853,410150,25
1854,410190,19
1855,410210,1
1856,410221,1
1857,410229,5
1858,410320,3
1859,410390,14
1860,410411,18
1861,410419,14
1862,410441,8
1863,410449,8
1864,410510,8
1865,410530,7
1866,410621,1
1867,410622,1
1868,410632,4
1869,410640,4
1870,410691,2
1871,410692,6
1872,410711,21
1873,410712,23
1874,410719,25
1875,410791,14
1876,410792,28
1877,410799,55
1878,411200,35
1879,411310,21
1880,411320,26
1881,411330,8
1882,411390,28
1883,411410,11
1884,411420,19
1885,411510,40
1886,411520,10
1887,420100,32
1888,420211,32
1889,420212,24
1890,420219,34
1891,420221,25
1892,420222,25
1893,420229,43
1894,420231,44
1895,420232,26
1896,420239,19
1897,420291,50
1898,420292,24
1899,420299,43
1900,420310,49
1901,420321,33
1902,420329,46
1903,420330,25
1904,420340,50
1905,420500,31
1906,420600,3
1907,430110,11
1908,430180,1
1909,430190,1
1910,430211,9
1911,430219,44
1912,430220,4
1913,430230,26
1914,430310,34
1915,430390,24
1916,430400,24
1917,440110,4
1918,440121,14
1919,440122,19
1920,440131,13
1921,440139,23
1922,440290,23
1923,440320,3
1924,440349,4
1925,440391,1
1926,440399,32
1927,440410,21
1928,440420,16
1929,440500,9
1930,440710,12
1931,440721,5
1932,440722,6
1933,440724,1
1934,440726,1
1935,440729,11
1936,440791,30
1937,440792,18
1938,440793,9
1939,440794,2
1940,440799,66
1941,440810,10
1942,440831,2
1943,440839,19
1944,440890,39
1945,440910,28
1946,440921,6
1947,440929,53
1948,441011,30
1949,441012,13
1950,441019,11
1951,441090,28
1952,441112,38
1953,441113,40
1954,441114,58
1955,441192,49
1956,441193,20
1957,441194,29
1958,441210,9
1959,441219,1
1960,441231,17
1961,441232,3
1962,441239,19
1963,441294,27
1964,441299,40
1965,441300,27
1966,441400,27
1967,441510,39
1968,441520,31
1969,441600,19
1970,441700,42
1971,441810,27
1972,441820,40
1973,441840,26
1974,441850,6
1975,441860,23
1976,441871,5
1977,441872,11
1978,441879,41
1979,441890,23
1980,441900,15
1981,442010,22
1982,442090,35
1983,442110,25
1984,442190,23
1985,450110,3
1986,450190,2
1987,450200,6
1988,450310,11
1989,450390,28
1990,450410,17
1991,450490,23
1992,460120,1
1993,460121,12
1994,460129,19
1995,460192,5
1996,460193,3
1997,460194,10
1998,460199,20
1999,460210,1
2000,460211,17
2001,460212,39
2002,460219,26
2003,460290,21
2004,470200,11
2005,470311,10
2006,470319,1
2007,470321,13
2008,470329,7
2009,470411,1
2010,470421,1
2011,470500,11
2012,470620,3
2013,470691,5
2014,470692,1
2015,470693,1
2016,470710,26
2017,470720,16
2018,470730,20
2019,470790,25
2020,480100,36
2021,480210,23
2022,480220,40
2023,480254,32
2024,480255,45
2025,480256,49
2026,480257,76
2027,480258,35
2028,480261,31
2029,480262,10
2030,480269,43
2031,480300,36
2032,480411,24
2033,480419,26
2034,480421,30
2035,480429,23
2036,480431,31
2037,480439,31
2038,480441,14
2039,480442,9
2040,480449,18
2041,480451,19
2042,480452,5
2043,480459,23
2044,480511,30
2045,480519,23
2046,480524,26
2047,480525,23
2048,480530,27
2049,480540,25
2050,480550,8
2051,480591,33
2052,480592,14
2053,480593,28
2054,480610,13
2055,480620,45
2056,480630,27
2057,480640,15
2058,480700,31
2059,480810,20
2060,480840,32
2061,480890,36
2062,480920,37
2063,480990,19
2064,481013,55
2065,481014,26
2066,481019,63
2067,481022,30
2068,481029,45
2069,481031,18
2070,481032,20
2071,481039,21
2072,481092,50
2073,481099,50
2074,481110,22
2075,481141,58
2076,481149,37
2077,481151,29
2078,481159,52
2079,481160,47
2080,481190,68
2081,481200,36
2082,481310,31
2083,481320,29
2084,481390,31
2085,481420,74
2086,481490,44
2087,481610,1
2088,481620,26
2089,481690,37
2090,481710,34
2091,481720,25
2092,481730,19
2093,481810,44
2094,481820,47
2095,481830,48
2096,481840,1
2097,481850,33
2098,481890,32
2099,481910,52
2100,481920,56
2101,481930,39
2102,481940,45
2103,481950,40
2104,481960,46
2105,482010,37
2106,482020,51
2107,482030,39
2108,482040,33
2109,482050,29
2110,482090,35
2111,482110,80
2112,482190,69
2113,482210,24
2114,482290,30
2115,482320,39
2116,482340,25
2117,482369,32
2118,482370,24
2119,482390,55
2120,490110,42
2121,490191,36
2122,490199,38
2123,490210,19
2124,490290,31
2125,490300,20
2126,490400,15
2127,490510,26
2128,490591,18
2129,490599,43
2130,490600,28
2131,490700,2
2132,490810,27
2133,490890,53
2134,490900,31
2135,491000,37
2136,491110,48
2137,491191,49
2138,491199,57
2139,500100,2
2140,500300,1
2141,500400,7
2142,500600,15
2143,500720,25
2144,500790,37
2145,510111,5
2146,510119,4
2147,510121,1
2148,510129,1
2149,510220,1
2150,510310,3
2151,510320,8
2152,510330,1
2153,510400,2
2154,510510,14
2155,510521,1
2156,510529,14
2157,510539,2
2158,510610,17
2159,510620,9
2160,510710,19
2161,510720,19
2162,510910,26
2163,510990,21
2164,511000,1
2165,511111,21
2166,511119,22
2167,511120,10
2168,511130,13
2169,511190,28
2170,511211,16
2171,511219,26
2172,511220,11
2173,511230,24
2174,511290,21
2175,511300,8
2176,520100,31
2177,520210,19
2178,520291,11
2179,520299,20
2180,520300,22
2181,520411,21
2182,520419,26
2183,520420,49
2184,520511,15
2185,520512,20
2186,520513,8
2187,520514,1
2188,520515,1
2189,520521,3
2190,520522,14
2191,520523,20
2192,520524,8
2193,520526,17
2194,520527,1
2195,520531,13
2196,520532,15
2197,520541,9
2198,520542,15
2199,520543,11
2200,520544,10
2201,520546,3
2202,520547,1
2203,520548,15
2204,520611,13
2205,520612,10
2206,520613,7
2207,520621,5
2208,520622,1
2209,520623,2
2210,520624,2
2211,520631,5
2212,520632,5
2213,520633,3
2214,520641,2
2215,520642,4
2216,520643,3
2217,520710,57
2218,520790,22
2219,520811,13
2220,520812,28
2221,520813,12
2222,520819,30
2223,520821,15
2224,520822,23
2225,520823,12
2226,520829,38
2227,520831,35
2228,520832,37
2229,520833,15
2230,520839,45
2231,520841,10
2232,520842,35
2233,520843,19
2234,520849,32
2235,520851,33
2236,520852,29
2237,520859,70
2238,520911,32
2239,520912,11
2240,520919,43
2241,520921,16
2242,520922,16
2243,520929,38
2244,520931,28
2245,520932,39
2246,520939,55
2247,520941,21
2248,520942,26
2249,520943,14
2250,520949,39
2251,520951,34
2252,520952,25
2253,520959,52
2254,521011,17
2255,521019,20
2256,521021,30
2257,521029,27
2258,521031,30
2259,521032,27
2260,521039,45
2261,521041,13
2262,521049,24
2263,521051,16
2264,521059,39
2265,521111,9
2266,521112,5
2267,521119,24
2268,521120,22
2269,521131,25
2270,521132,29
2271,521139,41
2272,521141,23
2273,521142,19
2274,521143,17
2275,521149,17
2276,521151,13
2277,521152,17
2278,521159,26
2279,521211,8
2280,521212,8
2281,521213,35
2282,521214,31
2283,521221,17
2284,521223,27
2285,521224,10
2286,521225,13
2287,530129,1
2288,530130,4
2289,530290,1
2290,530310,4
2291,530390,10
2292,530500,24
2293,530610,1
2294,530720,12
2295,530820,6
2296,530890,20
2297,530911,16
2298,530919,1
2299,530921,8
2300,530929,34
2301,531010,12
2302,531090,19
2303,531100,20
2304,540110,61
2305,540120,40
2306,540211,21
2307,540219,35
2308,540220,21
2309,540231,30
2310,540232,19
2311,540233,40
2312,540234,8
2313,540239,11
2314,540244,34
2315,540245,22
2316,540246,7
2317,540247,29
2318,540248,15
2319,540249,25
2320,540251,19
2321,540252,23
2322,540259,13
2323,540261,22
2324,540262,20
2325,540269,21
2326,540310,2
2327,540331,4
2328,540332,4
2329,540333,1
2330,540339,1
2331,540341,10
2332,540349,6
2333,540411,16
2334,540412,23
2335,540419,40
2336,540490,28
2337,540600,24
2338,540610,1
2339,540710,61
2340,540720,41
2341,540730,18
2342,540741,28
2343,540742,52
2344,540743,20
2345,540744,28
2346,540751,18
2347,540752,38
2348,540753,22
2349,540754,26
2350,540761,48
2351,540769,59
2352,540771,28
2353,540772,43
2354,540773,41
2355,540774,18
2356,540781,24
2357,540782,53
2358,540783,34
2359,540784,19
2360,540791,14
2361,540792,54
2362,540793,52
2363,540794,26
2364,540821,14
2365,540822,27
2366,540823,9
2367,540824,22
2368,540832,9
2369,540833,9
2370,540834,26
2371,550120,4
2372,550130,16
2373,550190,7
2374,550200,5
2375,550311,10
2376,550319,21
2377,550320,56
2378,550330,23
2379,550340,26
2380,550390,18
2381,550410,13
2382,550490,1
2383,550510,22
2384,550520,2
2385,550610,4
2386,550620,19
2387,550630,4
2388,550690,7
2389,550700,9
2390,550810,45
2391,550820,21
2392,550911,11
2393,550912,9
2394,550921,22
2395,550922,22
2396,550931,15
2397,550932,23
2398,550941,12
2399,550942,13
2400,550951,1
2401,550952,6
2402,550953,25
2403,550959,16
2404,550961,11
2405,550969,13
2406,550991,7
2407,550992,8
2408,550999,17
2409,551011,25
2410,551012,10
2411,551020,7
2412,551030,15
2413,551090,18
2414,551110,13
2415,551120,22
2416,551130,14
2417,551211,20
2418,551219,63
2419,551221,5
2420,551229,33
2421,551291,5
2422,551299,45
2423,551311,20
2424,551312,16
2425,551313,5
2426,551319,10
2427,551321,23
2428,551323,15
2429,551329,32
2430,551331,16
2431,551339,25
2432,551341,14
2433,551349,22
2434,551411,7
2435,551412,16
2436,551419,12
2437,551421,14
2438,551422,19
2439,551423,19
2440,551429,43
2441,551430,26
2442,551433,1
2443,551441,7
2444,551442,9
2445,551443,7
2446,551449,5
2447,551511,41
2448,551512,19
2449,551513,32
2450,551519,57
2451,551521,12
2452,551529,35
2453,551591,32
2454,551599,54
2455,551611,17
2456,551612,37
2457,551613,21
2458,551614,27
2459,551621,8
2460,551622,17
2461,551623,29
2462,551624,11
2463,551631,5
2464,551632,9
2465,551633,11
2466,551641,9
2467,551642,22
2468,551643,23
2469,551644,2
2470,551691,10
2471,551692,11
2472,551693,17
2473,551694,30
2474,560110,1
2475,560121,40
2476,560122,44
2477,560129,46
2478,560130,22
2479,560210,35
2480,560221,23
2481,560229,29
2482,560290,33
2483,560311,38
2484,560312,38
2485,560313,45
2486,560314,37
2487,560391,29
2488,560392,21
2489,560393,37
2490,560394,39
2491,560410,50
2492,560420,1
2493,560490,31
2494,560500,36
2495,560600,18
2496,560721,12
2497,560729,37
2498,560741,33
2499,560749,48
2500,560750,52
2501,560790,52
2502,560811,23
2503,560819,42
2504,560890,44
2505,560900,51
2506,570110,35
2507,570190,37
2508,570210,20
2509,570220,19
2510,570231,29
2511,570232,40
2512,570239,25
2513,570241,1
2514,570242,23
2515,570249,35
2516,570250,26
2517,570291,18
2518,570292,21
2519,570299,32
2520,570310,37
2521,570320,54
2522,570330,53
2523,570390,42
2524,570410,12
2525,570490,33
2526,570500,31
2527,580110,25
2528,580121,5
2529,580122,15
2530,580123,8
2531,580126,11
2532,580127,27
2533,580131,10
2534,580132,13
2535,580133,28
2536,580136,48
2537,580137,39
2538,580190,11
2539,580219,16
2540,580220,19
2541,580230,3
2542,580300,16
2543,580410,49
2544,580421,29
2545,580429,54
2546,580430,18
2547,580500,10
2548,580610,27
2549,580620,60
2550,580631,55
2551,580632,50
2552,580639,66
2553,580640,27
2554,580710,56
2555,580790,64
2556,580810,3
2557,580890,58
2558,580900,33
2559,581010,24
2560,581091,32
2561,581092,36
2562,581099,37
2563,581100,32
2564,590110,31
2565,590190,41
2566,590210,21
2567,590220,18
2568,590290,11
2569,590310,34
2570,590320,51
2571,590390,65
2572,590410,8
2573,590500,1
2574,590610,23
2575,590691,19
2576,590699,38
2577,590700,48
2578,590800,24
2579,590900,39
2580,591000,52
2581,591110,47
2582,591120,31
2583,591131,36
2584,591132,37
2585,591190,48
2586,600110,9
2587,600121,13
2588,600122,20
2589,600129,11
2590,600191,15
2591,600192,23
2592,600199,30
2593,600240,25
2594,600290,38
2595,600320,10
2596,600330,21
2597,600340,8
2598,600390,1
2599,600410,44
2600,600490,46
2601,600521,3
2602,600522,23
2603,600524,5
2604,600531,7
2605,600532,5
2606,600533,4
2607,600534,6
2608,600541,5
2609,600542,11
2610,600544,8
2611,600590,29
2612,600610,24
2613,600621,21
2614,600622,37
2615,600623,27
2616,600624,15
2617,600631,48
2618,600632,53
2619,600633,26
2620,600634,25
2621,600641,6
2622,600642,28
2623,600643,16
2624,600644,23
2625,600690,59
2626,610120,46
2627,610130,38
2628,610190,26
2629,610210,32
2630,610220,45
2631,610230,27
2632,610290,24
2633,610310,36
2634,610312,1
2635,610322,18
2636,610323,18
2637,610329,26
2638,610331,24
2639,610332,35
2640,610333,31
2641,610339,48
2642,610341,23
2643,610342,39
2644,610343,40
2645,610349,45
2646,610412,1
2647,610413,7
2648,610419,6
2649,610422,26
2650,610423,10
2651,610429,22
2652,610431,34
2653,610432,37
2654,610433,17
2655,610439,38
2656,610441,33
2657,610442,50
2658,610443,42
2659,610444,41
2660,610449,44
2661,610451,27
2662,610452,39
2663,610453,47
2664,610459,16
2665,610461,29
2666,610462,44
2667,610463,34
2668,610469,40
2669,610510,63
2670,610520,42
2671,610590,36
2672,610610,59
2673,610620,37
2674,610690,53
2675,610711,29
2676,610712,18
2677,610719,20
2678,610721,49
2679,610722,8
2680,610729,20
2681,610791,30
2682,610799,15
2683,610811,19
2684,610819,25
2685,610821,46
2686,610822,45
2687,610829,20
2688,610831,35
2689,610832,23
2690,610839,23
2691,610891,42
2692,610892,19
2693,610910,54
2694,610990,44
2695,611011,35
2696,611012,26
2697,611019,36
2698,611020,44
2699,611030,39
2700,611090,56
2701,611120,47
2702,611130,17
2703,611190,38
2704,611211,27
2705,611212,40
2706,611219,28
2707,611220,25
2708,611231,39
2709,611239,36
2710,611241,39
2711,611249,38
2712,611300,37
2713,611420,22
2714,611430,60
2715,611490,38
2716,611510,48
2717,611511,1
2718,611519,1
2719,611520,1
2720,611521,40
2721,611522,25
2722,611529,24
2723,611530,39
2724,611591,1
2725,611592,1
2726,611593,1
2727,611594,32
2728,611595,51
2729,611596,23
2730,611599,38
2731,611610,35
2732,611691,25
2733,611692,26
2734,611693,25
2735,611699,28
2736,611710,39
2737,611720,1
2738,611780,39
2739,611790,46
2740,620111,41
2741,620112,37
2742,620113,30
2743,620119,20
2744,620191,33
2745,620192,39
2746,620193,31
2747,620199,42
2748,620211,32
2749,620212,46
2750,620213,29
2751,620219,32
2752,620291,34
2753,620292,39
2754,620293,26
2755,620299,29
2756,620311,35
2757,620312,19
2758,620319,33
2759,620322,31
2760,620323,17
2761,620329,20
2762,620331,39
2763,620332,54
2764,620333,36
2765,620339,49
2766,620341,38
2767,620342,51
2768,620343,44
2769,620349,54
2770,620411,23
2771,620412,35
2772,620413,24
2773,620419,36
2774,620421,12
2775,620422,32
2776,620423,19
2777,620429,46
2778,620431,38
2779,620432,41
2780,620433,42
2781,620439,41
2782,620441,32
2783,620442,31
2784,620443,39
2785,620444,22
2786,620449,47
2787,620451,32
2788,620452,32
2789,620453,27
2790,620459,42
2791,620461,43
2792,620462,50
2793,620463,37
2794,620469,37
2795,620520,58
2796,620530,45
2797,620590,50
2798,620610,25
2799,620620,40
2800,620630,61
2801,620640,39
2802,620690,45
2803,620711,42
2804,620719,42
2805,620721,26
2806,620722,11
2807,620729,14
2808,620791,36
2809,620799,42
2810,620811,19
2811,620819,35
2812,620821,35
2813,620822,23
2814,620891,28
2815,620892,25
2816,620920,37
2817,620930,20
2818,620990,29
2819,621010,39
2820,621020,22
2821,621030,19
2822,621040,37
2823,621050,27
2824,621111,33
2825,621112,32
2826,621120,17
2827,621132,31
2828,621133,42
2829,621139,45
2830,621141,1
2831,621142,50
2832,621143,46
2833,621149,55
2834,621210,43
2835,621220,27
2836,621230,26
2837,621290,34
2838,621320,14
2839,621390,35
2840,621410,20
2841,621420,23
2842,621430,20
2843,621440,47
2844,621490,42
2845,621510,38
2846,621520,16
2847,621590,43
2848,621600,27
2849,621710,35
2850,621790,61
2851,630110,13
2852,630120,28
2853,630130,35
2854,630140,11
2855,630190,46
2856,630210,25
2857,630221,43
2858,630222,29
2859,630229,31
2860,630231,39
2861,630232,14
2862,630239,28
2863,630240,24
2864,630251,44
2865,630253,25
2866,630259,29
2867,630260,65
2868,630291,42
2869,630293,16
2870,630299,40
2871,630311,1
2872,630312,27
2873,630319,26
2874,630391,41
2875,630392,20
2876,630399,31
2877,630411,10
2878,630419,39
2879,630491,35
2880,630492,47
2881,630493,21
2882,630499,36
2883,630510,24
2884,630520,37
2885,630532,23
2886,630533,50
2887,630539,26
2888,630590,35
2889,630612,18
2890,630619,37
2891,630622,34
2892,630629,36
2893,630630,25
2894,630639,1
2895,630640,11
2896,630690,28
2897,630699,1
2898,630710,32
2899,630720,51
2900,630790,47
2901,630800,25
2902,630900,60
2903,631010,26
2904,631090,39
2905,640110,17
2906,640192,23
2907,640199,38
2908,640212,1
2909,640219,33
2910,640220,41
2911,640230,1
2912,640291,31
2913,640299,43
2914,640319,39
2915,640320,13
2916,640340,44
2917,640351,19
2918,640359,31
2919,640391,51
2920,640399,43
2921,640411,24
2922,640419,25
2923,640420,18
2924,640510,57
2925,640520,36
2926,640590,29
2927,640610,22
2928,640620,48
2929,640690,46
2930,650100,20
2931,650200,11
2932,650300,1
2933,650400,21
2934,650500,22
2935,650590,2
2936,650610,42
2937,650691,16
2938,650699,37
2939,650700,45
2940,660110,23
2941,660191,8
2942,660199,15
2943,660200,29
2944,660320,13
2945,660390,21
2946,670100,26
2947,670210,6
2948,670290,9
2949,670300,21
2950,670411,24
2951,670419,20
2952,670420,20
2953,670490,30
2954,680100,13
2955,680210,27
2956,680221,37
2957,680223,42
2958,680229,39
2959,680291,34
2960,680292,24
2961,680293,38
2962,680299,39
2963,680300,20
2964,680410,41
2965,680421,37
2966,680422,45
2967,680423,25
2968,680430,38
2969,680510,39
2970,680520,63
2971,680530,42
2972,680610,40
2973,680620,16
2974,680690,36
2975,680710,38
2976,680790,36
2977,680800,28
2978,680911,30
2979,680919,37
2980,680990,39
2981,681011,13
2982,681019,30
2983,681091,21
2984,681099,35
2985,681110,1
2986,681120,1
2987,681140,7
2988,681182,34
2989,681189,14
2990,681190,1
2991,681280,4
2992,681291,11
2993,681292,5
2994,681293,14
2995,681299,23
2996,681310,1
2997,681320,28
2998,681381,58
2999,681389,33
3000,681410,30
3001,681490,34
3002,681510,42
3003,681520,24
3004,681591,8
3005,681599,23
3006,690100,16
3007,690210,25
3008,690220,45
3009,690290,34
3010,690310,18
3011,690320,36
3012,690390,32
3013,690410,14
3014,690490,20
3015,690510,20
3016,690590,13
3017,690600,25
3018,690710,7
3019,690790,16
3020,690810,3
3021,690890,27
3022,690911,22
3023,690912,18
3024,690919,32
3025,690990,41
3026,691010,38
3027,691090,44
3028,691110,48
3029,691190,25
3030,691200,27
3031,691310,20
3032,691390,24
3033,691410,18
3034,691490,49
3035,700100,16
3036,700210,16
3037,700220,10
3038,700231,14
3039,700232,8
3040,700239,22
3041,700312,17
3042,700319,7
3043,700320,13
3044,700420,18
3045,700490,19
3046,700510,29
3047,700521,36
3048,700529,47
3049,700600,48
3050,700711,48
3051,700719,50
3052,700721,33
3053,700729,41
3054,700800,20
3055,700910,45
3056,700991,35
3057,700992,29
3058,701010,21
3059,701020,30
3060,701090,50
3061,701110,32
3062,701120,1
3063,701190,24
3064,701310,35
3065,701321,1
3066,701322,35
3067,701328,68
3068,701329,1
3069,701333,30
3070,701337,52
3071,701339,1
3072,701341,38
3073,701342,27
3074,701349,69
3075,701391,30
3076,701399,38
3077,701400,29
3078,701510,15
3079,701590,25
3080,701610,34
3081,701690,25
3082,701710,25
3083,701720,32
3084,701790,44
3085,701810,36
3086,701820,25
3087,701890,38
3088,701911,27
3089,701912,13
3090,701919,26
3091,701931,25
3092,701932,26
3093,701939,28
3094,701940,37
3095,701951,43
3096,701952,18
3097,701959,37
3098,701990,40
3099,702000,23
3100,710121,1
3101,710122,7
3102,710210,1
3103,710229,14
3104,710231,2
3105,710239,25
3106,710310,19
3107,710391,22
3108,710399,29
3109,710410,11
3110,710420,1
3111,710490,14
3112,710510,13
3113,710610,9
3114,710691,8
3115,710692,34
3116,710700,9
3117,710811,3
3118,710812,19
3119,710813,15
3120,710900,2
3121,711011,14
3122,711019,10
3123,711021,12
3124,711029,4
3125,711031,1
3126,711039,1
3127,711049,3
3128,711100,3
3129,711230,4
3130,711291,7
3131,711292,6
3132,711299,14
3133,711311,58
3134,711319,19
3135,711320,31
3136,711411,17
3137,711419,12
3138,711420,33
3139,711510,5
3140,711590,22
3141,711610,9
3142,711620,39
3143,711711,43
3144,711719,43
3145,711790,40
3146,711810,14
3147,720110,8
3148,720211,17
3149,720219,14
3150,720221,18
3151,720229,16
3152,720230,13
3153,720241,18
3154,720249,26
3155,720260,1
3156,720270,16
3157,720291,15
3158,720292,13
3159,720293,5
3160,720299,24
3161,720390,1
3162,720410,14
3163,720421,21
3164,720429,18
3165,720430,12
3166,720441,11
3167,720449,26
3168,720450,7
3169,720510,42
3170,720521,22
3171,720529,30
3172,720610,13
3173,720690,7
3174,720711,18
3175,720712,9
3176,720719,18
3177,720720,20
3178,720810,10
3179,720825,15
3180,720826,17
3181,720827,19
3182,720836,15
3183,720837,31
3184,720838,22
3185,720839,39
3186,720840,23
3187,720851,36
3188,720852,29
3189,720853,15
3190,720854,21
3191,720890,47
3192,720915,25
3193,720916,34
3194,720917,30
3195,720918,16
3196,720925,13
3197,720926,23
3198,720927,18
3199,720928,7
3200,720990,26
3201,721011,10
3202,721012,33
3203,721030,32
3204,721041,18
3205,721049,38
3206,721050,17
3207,721061,23
3208,721069,16
3209,721070,44
3210,721090,22
3211,721113,1
3212,721114,18
3213,721119,11
3214,721123,15
3215,721129,22
3216,721190,30
3217,721210,24
3218,721220,23
3219,721230,24
3220,721240,30
3221,721250,13
3222,721260,12
3223,721310,12
3224,721320,13
3225,721391,32
3226,721399,22
3227,721410,31
3228,721420,28
3229,721430,15
3230,721491,24
3231,721499,32
3232,721510,27
3233,721550,22
3234,721590,29
3235,721610,31
3236,721621,26
3237,721622,18
3238,721631,29
3239,721632,38
3240,721633,40
3241,721640,33
3242,721650,33
3243,721661,16
3244,721669,25
3245,721691,19
3246,721699,40
3247,721710,42
3248,721720,29
3249,721730,31
3250,721790,26
3251,721810,14
3252,721899,11
3253,721911,17
3254,721912,19
3255,721913,14
3256,721914,6
3257,721921,40
3258,721922,45
3259,721923,27
3260,721924,22
3261,721931,19
3262,721932,24
3263,721933,28
3264,721934,39
3265,721935,28
3266,721990,36
3267,722011,30
3268,722012,39
3269,722020,39
3270,722090,24
3271,722100,23
3272,722211,27
3273,722219,29
3274,722220,28
3275,722230,41
3276,722240,39
3277,722300,37
3278,722410,12
3279,722490,19
3280,722511,19
3281,722519,13
3282,722530,17
3283,722540,41
3284,722550,16
3285,722591,13
3286,722592,18
3287,722599,14
3288,722611,16
3289,722619,11
3290,722620,7
3291,722691,16
3292,722692,16
3293,722699,18
3294,722790,23
3295,722810,22
3296,722820,11
3297,722830,30
3298,722840,22
3299,722850,31
3300,722860,31
3301,722870,31
3302,722880,28
3303,722920,29
3304,722990,37
3305,730110,17
3306,730120,34
3307,730210,27
3308,730230,18
3309,730240,16
3310,730290,32
3311,730300,38
3312,730411,25
3313,730419,35
3314,730422,17
3315,730423,22
3316,730424,10
3317,730429,32
3318,730431,33
3319,730439,28
3320,730441,39
3321,730449,28
3322,730451,27
3323,730459,28
3324,730490,45
3325,730511,8
3326,730512,3
3327,730519,6
3328,730520,8
3329,730531,26
3330,730539,18
3331,730590,25
3332,730611,24
3333,730619,21
3334,730621,4
3335,730629,9
3336,730630,45
3337,730640,48
3338,730650,25
3339,730661,29
3340,730669,29
3341,730690,52
3342,730711,32
3343,730719,37
3344,730721,43
3345,730722,54
3346,730723,34
3347,730729,38
3348,730791,34
3349,730792,36
3350,730793,32
3351,730799,56
3352,730810,35
3353,730820,21
3354,730830,57
3355,730840,46
3356,730890,62
3357,730900,55
3358,731010,43
3359,731021,31
3360,731029,46
3361,731100,44
3362,731210,50
3363,731290,46
3364,731300,34
3365,731412,33
3366,731414,32
3367,731419,23
3368,731420,24
3369,731431,20
3370,731439,27
3371,731441,23
3372,731442,18
3373,731449,47
3374,731450,31
3375,731511,47
3376,731512,46
3377,731519,33
3378,731520,30
3379,731581,25
3380,731582,19
3381,731589,48
3382,731590,61
3383,731600,33
3384,731700,22
3385,731811,29
3386,731812,26
3387,731813,37
3388,731814,29
3389,731815,49
3390,731816,52
3391,731819,50
3392,731821,41
3393,731822,55
3394,731823,42
3395,731824,62
3396,731829,64
3397,731920,1
3398,731930,1
3399,731940,11
3400,731990,32
3401,732010,42
3402,732020,57
3403,732090,47
3404,732111,52
3405,732112,15
3406,732119,17
3407,732181,33
3408,732182,13
3409,732189,28
3410,732190,25
3411,732211,22
3412,732219,34
3413,732290,26
3414,732310,36
3415,732391,23
3416,732392,35
3417,732393,26
3418,732394,38
3419,732399,33
3420,732410,30
3421,732421,11
3422,732429,29
3423,732490,39
3424,732510,32
3425,732591,11
3426,732599,49
3427,732611,13
3428,732619,39
3429,732620,47
3430,732690,55
3431,740100,4
3432,740200,10
3433,740311,17
3434,740312,1
3435,740313,1
3436,740319,9
3437,740321,9
3438,740322,19
3439,740329,7
3440,740400,25
3441,740500,16
3442,740610,17
3443,740620,16
3444,740710,48
3445,740721,36
3446,740729,26
3447,740811,21
3448,740819,18
3449,740821,23
3450,740822,12
3451,740829,34
3452,740911,25
3453,740919,33
3454,740921,20
3455,740929,24
3456,740931,8
3457,740939,10
3458,740940,11
3459,740990,22
3460,741011,23
3461,741012,16
3462,741021,25
3463,741022,13
3464,741110,42
3465,741121,22
3466,741122,13
3467,741129,42
3468,741210,25
3469,741220,32
3470,741300,16
3471,741510,38
3472,741521,38
3473,741529,27
3474,741533,33
3475,741539,34
3476,741810,33
3477,741811,1
3478,741819,1
3479,741820,32
3480,741910,12
3481,741991,27
3482,741999,32
3483,750120,2
3484,750210,23
3485,750220,17
3486,750300,6
3487,750400,10
3488,750511,8
3489,750512,20
3490,750521,10
3491,750522,16
3492,750610,10
3493,750620,13
3494,750711,5
3495,750712,10
3496,750720,13
3497,750810,11
3498,750890,31
3499,760110,21
3500,760120,18
3501,760200,28
3502,760310,15
3503,760320,16
3504,760410,48
3505,760421,31
3506,760429,50
3507,760511,17
3508,760519,24
3509,760521,22
3510,760529,26
3511,760611,18
3512,760612,31
3513,760691,27
3514,760692,39
3515,760711,17
3516,760719,30
3517,760720,55
3518,760810,37
3519,760820,48
3520,760900,43
3521,761010,36
3522,761090,50
3523,761100,28
3524,761210,25
3525,761290,38
3526,761300,36
3527,761410,10
3528,761490,13
3529,761510,32
3530,761511,1
3531,761519,3
3532,761520,41
3533,761610,46
3534,761691,27
3535,761699,60
3536,780110,16
3537,780191,19
3538,780199,14
3539,780200,12
3540,780411,12
3541,780419,18
3542,780420,2
3543,780600,38
3544,790111,17
3545,790112,12
3546,790120,16
3547,790200,12
3548,790310,10
3549,790390,7
3550,790400,29
3551,790500,16
3552,790600,1
3553,790700,40
3554,800110,23
3555,800120,16
3556,800200,6
3557,800300,37
3558,800700,37
3559,810110,10
3560,810196,22
3561,810197,6
3562,810199,32
3563,810210,1
3564,810295,11
3565,810296,8
3566,810297,5
3567,810299,17
3568,810320,11
3569,810330,6
3570,810390,12
3571,810419,10
3572,810420,2
3573,810430,4
3574,810490,23
3575,810520,7
3576,810530,5
3577,810590,17
3578,810600,17
3579,810720,4
3580,810790,2
3581,810820,15
3582,810830,11
3583,810890,26
3584,810930,1
3585,810990,12
3586,811010,14
3587,811090,5
3588,811100,10
3589,811213,1
3590,811219,4
3591,811221,8
3592,811222,5
3593,811229,22
3594,811292,9
3595,811299,15
3596,811300,16
3597,820110,31
3598,820120,1
3599,820130,40
3600,820140,26
3601,820150,46
3602,820160,40
3603,820190,37
3604,820210,31
3605,820220,36
3606,820231,43
3607,820239,39
3608,820240,39
3609,820291,50
3610,820299,50
3611,820310,51
3612,820320,35
3613,820330,45
3614,820340,38
3615,820411,35
3616,820412,41
3617,820420,33
3618,820510,24
3619,820520,19
3620,820530,64
3621,820540,16
3622,820551,37
3623,820559,53
3624,820560,21
3625,820570,47
3626,820590,28
3627,820600,35
3628,820713,42
3629,820719,64
3630,820720,55
3631,820730,38
3632,820740,46
3633,820750,37
3634,820760,44
3635,820770,30
3636,820780,38
3637,820790,50
3638,820810,40
3639,820820,28
3640,820830,37
3641,820840,43
3642,820890,65
3643,820900,35
3644,821000,29
3645,821110,15
3646,821191,49
3647,821192,39
3648,821193,32
3649,821194,44
3650,821195,23
3651,821210,45
3652,821220,36
3653,821290,16
3654,821300,33
3655,821410,33
3656,821420,25
3657,821490,26
3658,821510,21
3659,821520,26
3660,821591,20
3661,821599,34
3662,830110,33
3663,830120,44
3664,830130,37
3665,830140,27
3666,830150,40
3667,830160,42
3668,830170,40
3669,830210,41
3670,830220,34
3671,830230,41
3672,830241,46
3673,830242,28
3674,830249,32
3675,830250,31
3676,830260,51
3677,830300,39
3678,830400,26
3679,830510,29
3680,830520,27
3681,830590,28
3682,830610,22
3683,830621,20
3684,830629,22
3685,830630,24
3686,830710,9
3687,830790,45
3688,830810,56
3689,830820,33
3690,830890,34
3691,830910,21
3692,830990,47
3693,831000,46
3694,831110,58
3695,831120,40
3696,831130,68
3697,831190,45
3698,840110,4
3699,840120,3
3700,840140,3
3701,840211,6
3702,840212,11
3703,840219,45
3704,840220,13
3705,840290,28
3706,840310,39
3707,840390,23
3708,840410,24
3709,840420,9
3710,840490,30
3711,840510,49
3712,840590,35
3713,840681,2
3714,840682,10
3715,840690,41
3716,840710,17
3717,840721,14
3718,840729,18
3719,840731,2
3720,840732,14
3721,840733,15
3722,840734,40
3723,840790,22
3724,840810,45
3725,840820,40
3726,840890,45
3727,840910,13
3728,840991,38
3729,840999,49
3730,841011,13
3731,841012,7
3732,841013,7
3733,841090,33
3734,841111,8
3735,841112,12
3736,841121,7
3737,841122,4
3738,841181,12
3739,841182,17
3740,841191,14
3741,841199,30
3742,841210,8
3743,841221,43
3744,841229,36
3745,841231,59
3746,841239,32
3747,841280,29
3748,841290,27
3749,841311,46
3750,841319,49
3751,841320,46
3752,841330,61
3753,841340,33
3754,841350,53
3755,841360,48
3756,841370,54
3757,841381,89
3758,841382,63
3759,841391,46
3760,841392,34
3761,841410,38
3762,841420,51
3763,841430,48
3764,841440,42
3765,841451,25
3766,841459,55
3767,841460,47
3768,841480,58
3769,841490,48
3770,841510,40
3771,841520,35
3772,841581,40
3773,841582,29
3774,841583,49
3775,841590,43
3776,841610,22
3777,841620,42
3778,841630,9
3779,841690,43
3780,841710,30
3781,841720,18
3782,841780,55
3783,841790,49
3784,841810,54
3785,841821,51
3786,841829,37
3787,841830,25
3788,841840,44
3789,841850,46
3790,841861,35
3791,841869,49
3792,841891,30
3793,841899,53
3794,841911,13
3795,841919,37
3796,841920,49
3797,841931,28
3798,841932,31
3799,841939,68
3800,841940,39
3801,841950,59
3802,841960,15
3803,841981,47
3804,841989,86
3805,841990,52
3806,842010,33
3807,842091,25
3808,842099,34
3809,842111,17
3810,842112,22
3811,842119,52
3812,842121,59
3813,842122,40
3814,842123,70
3815,842129,53
3816,842131,62
3817,842139,52
3818,842191,40
3819,842199,53
3820,842211,60
3821,842219,40
3822,842220,28
3823,842230,67
3824,842240,57
3825,842290,46
3826,842310,28
3827,842320,30
3828,842330,38
3829,842381,47
3830,842382,36
3831,842389,58
3832,842390,49
3833,842410,38
3834,842420,47
3835,842430,42
3836,842481,16
3837,842489,54
3838,842490,51
3839,842511,47
3840,842519,42
3841,842531,55
3842,842539,47
3843,842541,33
3844,842542,48
3845,842549,53
3846,842611,42
3847,842612,14
3848,842619,23
3849,842620,32
3850,842630,7
3851,842641,35
3852,842649,34
3853,842691,33
3854,842699,51
3855,842710,34
3856,842720,43
3857,842790,27
3858,842810,70
3859,842820,41
3860,842831,1
3861,842832,23
3862,842833,44
3863,842839,62
3864,842840,11
3865,842890,56
3866,842911,34
3867,842919,19
3868,842920,34
3869,842930,11
3870,842940,38
3871,842951,49
3872,842952,42
3873,842959,62
3874,843010,28
3875,843020,21
3876,843031,12
3877,843039,17
3878,843041,44
3879,843049,36
3880,843050,26
3881,843061,33
3882,843069,44
3883,843110,54
3884,843120,36
3885,843131,44
3886,843139,39
3887,843141,50
3888,843142,32
3889,843143,75
3890,843149,50
3891,843210,28
3892,843221,30
3893,843229,39
3894,843230,9
3895,843240,10
3896,843280,32
3897,843290,38
3898,843311,33
3899,843319,33
3900,843320,48
3901,843330,30
3902,843340,38
3903,843351,30
3904,843352,24
3905,843359,29
3906,843360,29
3907,843390,35
3908,843410,31
3909,843420,39
3910,843490,38
3911,843510,40
3912,843590,31
3913,843610,48
3914,843621,28
3915,843629,42
3916,843680,47
3917,843691,32
3918,843699,42
3919,843710,24
3920,843780,37
3921,843790,54
3922,843810,45
3923,843820,38
3924,843830,17
3925,843840,21
3926,843850,51
3927,843860,39
3928,843880,54
3929,843890,44
3930,843910,16
3931,843920,1
3932,843930,25
3933,843991,28
3934,843999,28
3935,844010,39
3936,844090,41
3937,844110,39
3938,844120,13
3939,844130,34
3940,844140,17
3941,844180,31
3942,844190,40
3943,844230,38
3944,844240,35
3945,844250,81
3946,844311,27
3947,844312,9
3948,844313,22
3949,844314,10
3950,844315,13
3951,844316,25
3952,844317,12
3953,844319,59
3954,844329,1
3955,844330,1
3956,844331,53
3957,844332,61
3958,844339,53
3959,844351,1
3960,844360,1
3961,844391,41
3962,844399,70
3963,844400,17
3964,844511,13
3965,844512,7
3966,844513,7
3967,844519,26
3968,844520,14
3969,844530,17
3970,844540,21
3971,844590,30
3972,844610,20
3973,844621,10
3974,844629,21
3975,844630,12
3976,844711,16
3977,844712,21
3978,844720,31
3979,844790,53
3980,844819,35
3981,844820,23
3982,844831,20
3983,844832,31
3984,844833,36
3985,844839,46
3986,844842,30
3987,844849,34
3988,844851,33
3989,844859,39
3990,844900,21
3991,845011,72
3992,845012,26
3993,845019,24
3994,845020,70
3995,845090,67
3996,845110,28
3997,845121,35
3998,845129,42
3999,845130,57
4000,845140,34
4001,845150,48
4002,845180,41
4003,845190,54
4004,845210,23
4005,845221,48
4006,845229,56
4007,845230,59
4008,845290,38
4009,845310,10
4010,845320,30
4011,845380,24
4012,845390,32
4013,845410,19
4014,845420,26
4015,845430,32
4016,845490,38
4017,845510,8
4018,845521,10
4019,845522,14
4020,845530,27
4021,845590,40
4022,845610,10
4023,845620,32
4024,845630,23
4025,845690,22
4026,845710,25
4027,845720,9
4028,845730,14
4029,845811,22
4030,845819,34
4031,845891,24
4032,845899,48
4033,845910,12
4034,845921,26
4035,845929,50
4036,845931,22
4037,845939,26
4038,845940,7
4039,845951,14
4040,845959,16
4041,845961,27
4042,845969,41
4043,845970,34
4044,846011,4
4045,846019,33
4046,846021,3
4047,846029,27
4048,846031,18
4049,846039,36
4050,846040,20
4051,846090,46
4052,846120,17
4053,846130,6
4054,846140,13
4055,846150,53
4056,846190,45
4057,846210,48
4058,846221,29
4059,846229,61
4060,846231,16
4061,846239,42
4062,846241,25
4063,846249,44
4064,846291,43
4065,846299,37
4066,846310,20
4067,846320,16
4068,846330,33
4069,846390,41
4070,846410,41
4071,846420,35
4072,846490,31
4073,846510,33
4074,846591,43
4075,846592,37
4076,846593,39
4077,846594,25
4078,846595,30
4079,846596,21
4080,846599,49
4081,846610,37
4082,846620,35
4083,846630,18
4084,846691,48
4085,846692,39
4086,846693,45
4087,846694,42
4088,846711,52
4089,846719,54
4090,846721,34
4091,846722,28
4092,846729,39
4093,846781,35
4094,846789,46
4095,846791,38
4096,846792,54
4097,846799,34
4098,846810,33
4099,846820,23
4100,846880,44
4101,846890,48
4102,846900,4
4103,847010,30
4104,847021,12
4105,847029,11
4106,847030,26
4107,847050,51
4108,847090,31
4109,847130,21
4110,847141,53
4111,847149,39
4112,847150,31
4113,847160,48
4114,847170,33
4115,847180,33
4116,847190,50
4117,847210,7
4118,847230,21
4119,847290,69
4120,847310,7
4121,847321,15
4122,847329,30
4123,847330,21
4124,847340,49
4125,847350,39
4126,847410,57
4127,847420,54
4128,847431,49
4129,847432,14
4130,847439,46
4131,847480,54
4132,847490,55
4133,847510,11
4134,847521,3
4135,847529,19
4136,847590,29
4137,847621,23
4138,847629,14
4139,847681,6
4140,847689,15
4141,847690,28
4142,847710,49
4143,847720,47
4144,847730,36
4145,847740,23
4146,847751,18
4147,847759,35
4148,847780,58
4149,847790,51
4150,847810,23
4151,847890,20
4152,847910,35
4153,847920,35
4154,847930,37
4155,847940,32
4156,847950,35
4157,847960,27
4158,847971,6
4159,847979,14
4160,847981,37
4161,847982,65
4162,847989,78
4163,847990,51
4164,848010,17
4165,848020,18
4166,848030,42
4167,848041,22
4168,848049,37
4169,848050,29
4170,848060,40
4171,848071,49
4172,848079,54
4173,848110,65
4174,848120,43
4175,848130,59
4176,848140,64
4177,848180,60
4178,848190,56
4179,848210,52
4180,848220,30
4181,848230,44
4182,848240,50
4183,848250,39
4184,848280,74
4185,848291,39
4186,848299,22
4187,848310,53
4188,848320,32
4189,848330,61
4190,848340,63
4191,848350,69
4192,848360,61
4193,848390,38
4194,848410,49
4195,848420,58
4196,848490,64
4197,848610,15
4198,848620,19
4199,848630,2
4200,848640,11
4201,848690,18
4202,848710,35
4203,848790,37
4204,850110,54
4205,850120,51
4206,850131,35
4207,850132,39
4208,850133,7
4209,850134,17
4210,850140,46
4211,850151,44
4212,850152,62
4213,850153,45
4214,850161,33
4215,850162,13
4216,850163,23
4217,850164,17
4218,850211,31
4219,850212,71
4220,850213,72
4221,850220,31
4222,850231,12
4223,850239,38
4224,850240,28
4225,850300,43
4226,850410,30
4227,850421,41
4228,850422,38
4229,850423,25
4230,850431,46
4231,850432,50
4232,850433,39
4233,850434,60
4234,850440,67
4235,850450,60
4236,850490,47
4237,850511,44
4238,850519,38
4239,850520,49
4240,850590,42
4241,850610,53
4242,850640,20
4243,850650,42
4244,850660,17
4245,850680,44
4246,850690,28
4247,850710,49
4248,850720,50
4249,850730,29
4250,850740,10
4251,850750,20
4252,850760,46
4253,850780,71
4254,850790,17
4255,850811,30
4256,850819,41
4257,850860,40
4258,850870,47
4259,850910,1
4260,850940,30
4261,850980,17
4262,850990,28
4263,851010,19
4264,851020,28
4265,851030,13
4266,851090,34
4267,851110,62
4268,851120,34
4269,851130,56
4270,851140,41
4271,851150,57
4272,851180,53
4273,851190,44
4274,851210,25
4275,851220,49
4276,851230,34
4277,851240,46
4278,851290,38
4279,851310,21
4280,851390,19
4281,851410,41
4282,851420,30
4283,851430,53
4284,851440,32
4285,851490,45
4286,851511,28
4287,851519,35
4288,851521,39
4289,851529,48
4290,851531,35
4291,851539,34
4292,851580,47
4293,851590,43
4294,851610,36
4295,851621,16
4296,851629,23
4297,851631,9
4298,851632,10
4299,851633,43
4300,851640,43
4301,851650,35
4302,851660,29
4303,851671,47
4304,851672,18
4305,851679,20
4306,851680,28
4307,851690,39
4308,851711,33
4309,851712,33
4310,851718,30
4311,851719,1
4312,851761,36
4313,851762,44
4314,851769,35
4315,851770,44
4316,851780,1
4317,851790,1
4318,851810,51
4319,851821,29
4320,851822,40
4321,851829,37
4322,851830,25
4323,851840,35
4324,851850,54
4325,851890,52
4326,851920,22
4327,851981,37
4328,851989,30
4329,852110,20
4330,852190,53
4331,852210,19
4332,852290,50
4333,852311,1
4334,852321,15
4335,852329,22
4336,852330,1
4337,852340,1
4338,852341,13
4339,852349,43
4340,852351,22
4341,852352,55
4342,852359,28
4343,852380,50
4344,852499,1
4345,852510,1
4346,852540,1
4347,852550,32
4348,852560,40
4349,852580,49
4350,852610,15
4351,852691,56
4352,852692,40
4353,852712,8
4354,852713,15
4355,852719,19
4356,852721,33
4357,852729,19
4358,852791,33
4359,852792,23
4360,852799,46
4361,852812,1
4362,852841,7
4363,852849,29
4364,852851,14
4365,852859,40
4366,852861,11
4367,852869,43
4368,852871,21
4369,852872,52
4370,852910,51
4371,852990,52
4372,853010,29
4373,853080,53
4374,853090,39
4375,853110,49
4376,853120,45
4377,853180,46
4378,853190,49
4379,853210,33
4380,853221,31
4381,853222,37
4382,853223,29
4383,853224,29
4384,853225,39
4385,853229,40
4386,853230,25
4387,853290,20
4388,853310,38
4389,853321,36
4390,853329,31
4391,853331,35
4392,853339,32
4393,853340,53
4394,853390,28
4395,853400,51
4396,853510,34
4397,853521,34
4398,853529,31
4399,853530,46
4400,853540,57
4401,853590,43
4402,853610,54
4403,853620,53
4404,853630,51
4405,853641,56
4406,853649,64
4407,853650,58
4408,853661,35
4409,853669,67
4410,853670,27
4411,853690,64
4412,853710,57
4413,853720,65
4414,853810,47
4415,853890,62
4416,853910,61
4417,853921,68
4418,853922,46
4419,853929,47
4420,853931,52
4421,853932,54
4422,853939,48
4423,853941,37
4424,853949,55
4425,853990,42
4426,854011,15
4427,854020,17
4428,854040,5
4429,854060,11
4430,854071,29
4431,854079,14
4432,854081,21
4433,854089,35
4434,854091,8
4435,854099,15
4436,854110,56
4437,854121,24
4438,854129,39
4439,854130,35
4440,854140,53
4441,854150,42
4442,854160,32
4443,854190,36
4444,854221,1
4445,854231,30
4446,854232,10
4447,854233,22
4448,854239,38
4449,854260,1
4450,854270,1
4451,854290,29
4452,854310,16
4453,854320,36
4454,854330,36
4455,854370,36
4456,854390,34
4457,854411,37
4458,854419,42
4459,854420,52
4460,854430,49
4461,854441,1
4462,854442,51
4463,854449,59
4464,854451,1
4465,854459,1
4466,854460,52
4467,854470,28
4468,854511,28
4469,854519,20
4470,854520,45
4471,854590,11
4472,854610,15
4473,854620,40
4474,854690,40
4475,854710,29
4476,854720,43
4477,854790,40
4478,854810,10
4479,854890,39
4480,860120,3
4481,860210,2
4482,860290,2
4483,860310,5
4484,860610,3
4485,860691,2
4486,860692,2
4487,860699,3
4488,860711,2
4489,860712,8
4490,860719,29
4491,860721,26
4492,860729,22
4493,860730,13
4494,860791,25
4495,860799,28
4496,860800,31
4497,860900,31
4498,870110,37
4499,870120,32
4500,870190,24
4501,870210,38
4502,870290,15
4503,870310,23
4504,870321,29
4505,870322,29
4506,870323,54
4507,870324,65
4508,870331,45
4509,870332,45
4510,870333,38
4511,870390,27
4512,870410,32
4513,870421,36
4514,870422,61
4515,870423,42
4516,870431,35
4517,870432,16
4518,870490,31
4519,870510,14
4520,870520,9
4521,870530,18
4522,870540,27
4523,870590,46
4524,870600,27
4525,870710,37
4526,870790,32
4527,870810,62
4528,870821,41
4529,870829,47
4530,870830,62
4531,870831,1
4532,870839,1
4533,870840,35
4534,870850,49
4535,870860,1
4536,870870,55
4537,870880,61
4538,870891,42
4539,870892,36
4540,870893,54
4541,870894,62
4542,870895,46
4543,870899,59
4544,870911,29
4545,870919,17
4546,870990,25
4547,871000,7
4548,871110,23
4549,871120,58
4550,871130,36
4551,871140,51
4552,871150,42
4553,871190,14
4554,871200,29
4555,871310,33
4556,871390,26
4557,871410,36
4558,871411,1
4559,871420,24
4560,871491,15
4561,871492,25
4562,871493,28
4563,871494,22
4564,871495,33
4565,871496,39
4566,871499,40
4567,871500,30
4568,871610,17
4569,871620,29
4570,871631,32
4571,871639,25
4572,871640,40
4573,871680,46
4574,871690,27
4575,880100,1
4576,880211,18
4577,880220,9
4578,880230,6
4579,880240,16
4580,880260,2
4581,880310,23
4582,880320,16
4583,880330,34
4584,880390,24
4585,880400,34
4586,880510,8
4587,880529,8
4588,890130,3
4589,890190,16
4590,890200,8
4591,890310,30
4592,890392,31
4593,890399,46
4594,890400,8
4595,890510,5
4596,890520,7
4597,890590,6
4598,890690,9
4599,890710,15
4600,890790,30
4601,890800,2
4602,900110,26
4603,900120,20
4604,900130,34
4605,900140,23
4606,900150,46
4607,900190,42
4608,900211,48
4609,900219,38
4610,900220,17
4611,900290,59
4612,900311,36
4613,900319,27
4614,900390,26
4615,900410,23
4616,900490,34
4617,900510,29
4618,900580,25
4619,900590,27
4620,900610,3
4621,900630,16
4622,900640,15
4623,900653,12
4624,900659,21
4625,900661,33
4626,900669,16
4627,900691,42
4628,900699,60
4629,900710,32
4630,900720,21
4631,900791,38
4632,900792,29
4633,900850,12
4634,900890,23
4635,900911,1
4636,900999,1
4637,901010,23
4638,901050,15
4639,901060,37
4640,901090,31
4641,901110,6
4642,901120,16
4643,901180,39
4644,901190,29
4645,901210,20
4646,901290,18
4647,901310,24
4648,901320,15
4649,901380,56
4650,901390,37
4651,901410,38
4652,901420,15
4653,901480,32
4654,901490,36
4655,901510,28
4656,901520,27
4657,901530,20
4658,901540,17
4659,901580,61
4660,901590,40
4661,901600,46
4662,901710,25
4663,901720,33
4664,901730,32
4665,901780,40
4666,901790,36
4667,901811,24
4668,901812,53
4669,901813,28
4670,901814,10
4671,901819,49
4672,901820,44
4673,901831,39
4674,901832,41
4675,901839,62
4676,901841,43
4677,901849,41
4678,901850,55
4679,901890,49
4680,901910,40
4681,901920,47
4682,902000,31
4683,902110,39
4684,902121,32
4685,902129,43
4686,902131,31
4687,902139,56
4688,902140,40
4689,902150,62
4690,902190,52
4691,902212,31
4692,902213,47
4693,902214,49
4694,902219,35
4695,902221,14
4696,902229,24
4697,902230,33
4698,902290,56
4699,902300,50
4700,902410,47
4701,902480,53
4702,902490,26
4703,902511,26
4704,902519,53
4705,902580,62
4706,902590,33
4707,902610,50
4708,902620,47
4709,902680,57
4710,902690,45
4711,902710,50
4712,902720,37
4713,902730,52
4714,902740,1
4715,902750,37
4716,902780,51
4717,902790,49
4718,902810,27
4719,902820,30
4720,902830,14
4721,902890,22
4722,902910,64
4723,902920,36
4724,902990,40
4725,903010,33
4726,903020,36
4727,903031,43
4728,903032,54
4729,903033,59
4730,903039,37
4731,903040,38
4732,903082,25
4733,903084,27
4734,903089,44
4735,903090,31
4736,903110,41
4737,903120,33
4738,903141,15
4739,903149,31
4740,903180,59
4741,903190,39
4742,903210,45
4743,903220,35
4744,903281,43
4745,903289,57
4746,903290,49
4747,903300,63
4748,910111,20
4749,910121,7
4750,910129,7
4751,910191,9
4752,910199,8
4753,910211,36
4754,910212,19
4755,910219,30
4756,910221,7
4757,910229,15
4758,910291,23
4759,910299,29
4760,910310,10
4761,910390,20
4762,910400,25
4763,910511,8
4764,910519,20
4765,910521,22
4766,910529,34
4767,910591,30
4768,910599,29
4769,910610,39
4770,910690,48
4771,910700,47
4772,910811,13
4773,910820,10
4774,910890,16
4775,910910,7
4776,910990,3
4777,911011,3
4778,911012,2
4779,911090,8
4780,911110,6
4781,911120,4
4782,911180,9
4783,911190,10
4784,911220,6
4785,911290,9
4786,911310,8
4787,911320,18
4788,911390,28
4789,911410,6
4790,911430,5
4791,911440,1
4792,911490,30
4793,920110,30
4794,920120,26
4795,920190,28
4796,920210,22
4797,920290,36
4798,920510,29
4799,920590,26
4800,920600,42
4801,920710,28
4802,920790,40
4803,920810,11
4804,920890,47
4805,920930,27
4806,920991,12
4807,920992,40
4808,920994,23
4809,920999,48
4810,930200,14
4811,930320,1
4812,930330,27
4813,930390,1
4814,930400,32
4815,930510,17
4816,930520,16
4817,930591,1
4818,930599,12
4819,930629,19
4820,930630,31
4821,930690,17
4822,930700,12
4823,940110,19
4824,940120,42
4825,940130,44
4826,940140,34
4827,940150,1
4828,940151,9
4829,940159,29
4830,940161,44
4831,940169,56
4832,940171,39
4833,940179,39
4834,940180,47
4835,940190,54
4836,940210,35
4837,940290,56
4838,940310,35
4839,940320,43
4840,940330,48
4841,940340,32
4842,940350,52
4843,940360,47
4844,940370,30
4845,940380,1
4846,940381,12
4847,940389,26
4848,940390,41
4849,940410,35
4850,940421,22
4851,940429,38
4852,940430,23
4853,940490,32
4854,940510,38
4855,940520,26
4856,940530,18
4857,940540,50
4858,940550,37
4859,940560,47
4860,940591,34
4861,940592,39
4862,940599,44
4863,940600,26
4864,950100,1
4865,950210,1
4866,950300,36
4867,950320,1
4868,950360,1
4869,950390,1
4870,950410,1
4871,950420,19
4872,950430,24
4873,950440,26
4874,950450,13
4875,950490,65
4876,950510,10
4877,950590,23
4878,950612,1
4879,950619,29
4880,950621,1
4881,950629,24
4882,950631,20
4883,950632,33
4884,950639,31
4885,950640,34
4886,950651,17
4887,950659,21
4888,950661,29
4889,950662,51
4890,950669,42
4891,950670,14
4892,950691,28
4893,950699,55
4894,950710,16
4895,950720,24
4896,950730,17
4897,950790,37
4898,950810,9
4899,950890,36
4900,960110,14
4901,960190,25
4902,960200,33
4903,960310,29
4904,960321,41
4905,960329,22
4906,960330,29
4907,960340,29
4908,960350,63
4909,960390,44
4910,960400,47
4911,960500,20
4912,960610,57
4913,960621,49
4914,960622,51
4915,960629,73
4916,960630,24
4917,960711,50
4918,960719,74
4919,960720,21
4920,960810,50
4921,960820,54
4922,960830,27
4923,960839,1
4924,960840,36
4925,960850,28
4926,960860,35
4927,960891,30
4928,960899,47
4929,960910,38
4930,960920,30
4931,960990,40
4932,961000,25
4933,961100,55
4934,961210,81
4935,961220,52
4936,961310,29
4937,961320,13
4938,961380,19
4939,961390,21
4940,961400,18
4941,961511,16
4942,961519,15
4943,961590,19
4944,961610,23
4945,961620,16
4946,961700,10
4947,961800,39
4948,961900,42
4949,970110,28
4950,970190,30
4951,970200,21
4952,970300,18
4953,970400,14
4954,970500,29
4955,970600,19
4956,999999,28
